CustomerID,Predicted_LTV
12747.0,4395.598
12748.0,29073.354
12749.0,3874.4932
12820.0,909.7841
12821.0,97.38162
12822.0,909.1308
12823.0,1820.2892
12824.0,390.76047
12826.0,1379.3569
12827.0,431.2707
12828.0,1017.76953
12829.0,264.5934
12830.0,7663.6113
12831.0,202.7737
12832.0,375.15536
12833.0,414.41162
12834.0,310.6955
12836.0,2742.7996
12837.0,132.74313
12838.0,688.68475
12839.0,5559.8496
12840.0,2704.36
12841.0,3892.8088
12842.0,1106.9403
12843.0,1706.4202
12844.0,324.76117
12845.0,365.31302
12847.0,853.9182
12849.0,1075.5573
12851.0,137.30318
12852.0,304.75238
12853.0,1851.2119
12854.0,1296.4982
12855.0,38.050552
12856.0,2176.0925
12857.0,1115.4868
12863.0,503.07065
12864.0,137.21289
12867.0,4047.2122
12868.0,1615.6312
12871.0,380.8819
12872.0,588.6479
12873.0,373.4183
12875.0,341.5323
12877.0,1620.2753
12878.0,854.8919
12879.0,541.5868
12881.0,311.80005
12882.0,1457.8923
12883.0,722.08167
12884.0,315.25153
12885.0,1200.2838
12886.0,1360.8425
12888.0,302.1671
12890.0,383.48026
12891.0,339.83243
12893.0,190.58226
12895.0,344.35364
12897.0,221.17754
12901.0,16292.428
12902.0,136.88278
12904.0,507.78714
12906.0,2933.9336
12908.0,229.08173
12909.0,2131.1514
12910.0,3047.097
12912.0,1666.8933
12913.0,2496.1506
12915.0,364.85144
12916.0,2924.944
12917.0,600.0754
12919.0,1270.747
12920.0,166.76518
12921.0,14501.677
12922.0,402.5827
12923.0,179.38522
12924.0,1050.2456
12925.0,686.4987
12928.0,2001.0742
12929.0,102.87567
12930.0,440.2794
12931.0,33472.395
12933.0,614.9997
12935.0,2135.1555
12936.0,1047.5867
12937.0,1525.4392
12938.0,108.69978
12939.0,11562.987
12940.0,858.872
12942.0,701.7608
12944.0,595.46423
12945.0,465.7472
12947.0,1411.9388
12948.0,2109.05
12949.0,4175.553
12950.0,1831.8491
12951.0,1096.5168
12952.0,1379.7148
12953.0,317.61203
12955.0,4708.2007
12956.0,107.966545
12957.0,3918.8591
12962.0,265.3688
12963.0,1843.8622
12965.0,774.85474
12966.0,161.81128
12967.0,1199.5795
12968.0,137.30318
12970.0,468.16354
12971.0,27899.807
12974.0,140.8162
12976.0,747.78784
12977.0,40.119816
12980.0,7104.208
12981.0,368.55078
12982.0,373.77356
12984.0,100.77157
12985.0,1230.3724
12987.0,546.3072
12988.0,508.42307
12989.0,6275.1084
12990.0,400.7327
12991.0,502.93546
12993.0,438.14954
12994.0,891.5828
12995.0,190.18135
12997.0,1215.2955
12999.0,447.5297
13000.0,536.04333
13001.0,9796.211
13002.0,116.96519
13003.0,169.11327
13004.0,5596.7065
13005.0,458.75693
13006.0,80.59714
13008.0,177.86809
13011.0,56.199905
13012.0,1284.5626
13013.0,4786.5786
13014.0,3392.1953
13015.0,3316.663
13016.0,788.5389
13017.0,195.91966
13018.0,7308.278
13021.0,2673.3218
13023.0,690.1593
13026.0,948.6808
13027.0,6929.8384
13028.0,660.38446
13029.0,1257.1471
13030.0,808.2815
13032.0,986.1959
13033.0,192.93135
13034.0,653.12085
13035.0,886.1102
13037.0,881.022
13038.0,902.4522
13040.0,681.6507
13043.0,472.32715
13044.0,556.6267
13045.0,313.40527
13046.0,654.2193
13047.0,3100.9263
13048.0,1822.6777
13049.0,656.9486
13050.0,5665.5474
13052.0,333.36676
13055.0,1195.2023
13058.0,273.65094
13059.0,182.67746
13060.0,314.84415
13061.0,249.04651
13062.0,333.36676
13064.0,1162.6824
13065.0,200.80074
13066.0,436.8506
13067.0,113.06586
13068.0,336.16022
13069.0,4278.3794
13070.0,224.87096
13072.0,177.85904
13075.0,904.3932
13077.0,735.2586
13078.0,10625.432
13079.0,221.19728
13080.0,59.524143
13081.0,27971.09
13082.0,3580.6567
13083.0,307.4053
13085.0,273.1847
13089.0,57376.004
13090.0,8734.91
13091.0,321.89838
13092.0,438.50323
13093.0,7174.9834
13094.0,1728.8474
13095.0,73.56564
13097.0,5849.682
13098.0,28650.81
13099.0,201.20813
13101.0,103.51368
13102.0,6297.5205
13103.0,240.91559
13104.0,1050.1567
13106.0,54.06788
13107.0,1484.2426
13108.0,355.9532
13109.0,755.47284
13110.0,1385.9467
13113.0,10511.644
13115.0,2193.2979
13116.0,486.5025
13117.0,979.09595
13118.0,1121.3965
13120.0,21.539444
13121.0,258.91608
13122.0,909.7381
13124.0,3879.0925
13126.0,2003.6935
13127.0,258.8157
13130.0,62.484356
13131.0,1042.1626
13132.0,74.23388
13133.0,104.19371
13134.0,1713.5425
13135.0,3095.8977
13136.0,2431.161
13137.0,3448.2236
13138.0,954.52313
13139.0,5168.5723
13140.0,431.39587
13141.0,2324.7368
13142.0,317.5205
13144.0,106.88932
13145.0,597.263
13146.0,225.395
13147.0,729.8315
13148.0,3351.3545
13149.0,1651.4767
13151.0,1208.0905
13153.0,493.4323
13155.0,942.4736
13157.0,1721.9755
13158.0,1188.8992
13159.0,1376.523
13160.0,95.592224
13161.0,110.580605
13162.0,1661.1566
13165.0,1005.3377
13166.0,432.0978
13167.0,783.3784
13168.0,1315.5542
13169.0,712.7457
13170.0,112.24028
13171.0,444.46088
13173.0,357.21133
13174.0,2961.513
13176.0,488.28082
13177.0,285.69104
13178.0,5636.8687
13182.0,116.88261
13183.0,4001.1338
13184.0,1639.3029
13185.0,67.276375
13186.0,1508.5114
13187.0,232.55089
13188.0,118.079414
13189.0,263.28574
13192.0,906.6452
13193.0,111.41387
13194.0,56.35105
13196.0,1773.1248
13198.0,3385.707
13199.0,9791.022
13200.0,860.8996
13203.0,847.55115
13207.0,256.9762
13208.0,1226.4738
13209.0,5888.7637
13210.0,352.11
13211.0,1229.492
13212.0,777.9445
13213.0,1570.1705
13216.0,333.93436
13217.0,138.0099
13218.0,62.07696
13220.0,811.465
13221.0,851.6633
13223.0,163.8626
13224.0,2249.191
13225.0,6159.4863
13226.0,107.966545
13227.0,258.37488
13228.0,353.82474
13229.0,163.41786
13230.0,2704.6177
13232.0,1370.9243
13233.0,590.3521
13235.0,104.19371
13236.0,737.5114
13238.0,655.0661
13239.0,325.0489
13240.0,656.1736
13242.0,271.53082
13243.0,598.9988
13244.0,117.37258
13245.0,431.9909
13246.0,1871.2568
13247.0,519.3858
13248.0,477.2001
13249.0,714.45306
13253.0,1080.3809
13255.0,386.0098
13258.0,707.9723
13259.0,299.87845
13260.0,563.2394
13261.0,933.9563
13262.0,202.94551
13263.0,5926.2617
13265.0,2160.6255
13266.0,3708.8518
13267.0,5021.302
13268.0,3184.0588
13269.0,5309.024
13270.0,597.89233
13271.0,176.67975
13272.0,269.69873
13273.0,138.82756
13276.0,576.0045
13277.0,250.73106
13278.0,534.7711
13279.0,128.29994
13280.0,793.29443
13282.0,1035.4724
13283.0,94.51962
13284.0,189.65294
13285.0,2745.3313
13291.0,353.60086
13292.0,567.7195
13294.0,863.39233
13295.0,189.65294
13296.0,91.27246
13297.0,2087.2615
13298.0,356.98962
13299.0,140.8162
13300.0,364.85144
13301.0,608.60504
13302.0,62.07696
13304.0,310.87033
13305.0,1995.8795
13307.0,17.373787
13308.0,1383.9291
13309.0,1457.7224
13310.0,1057.1238
13311.0,589.1702
13313.0,1490.7872
13314.0,580.7086
13316.0,5796.5645
13317.0,2115.742
13318.0,625.72534
13319.0,10649.81
13320.0,1500.138
13321.0,558.95105
13322.0,196.19788
13323.0,780.3883
13324.0,7038.6333
13325.0,693.52216
13327.0,3506.091
13328.0,1479.2328
13329.0,750.48926
13330.0,1119.6766
13332.0,349.15286
13334.0,3495.9973
13336.0,803.4152
13338.0,432.6007
13339.0,847.7206
13340.0,10722.223
13341.0,793.4614
13343.0,304.75238
13344.0,2550.2961
13345.0,373.77356
13347.0,326.1904
13348.0,232.99171
13349.0,255.30557
13350.0,899.47986
13351.0,382.92496
13352.0,377.78625
13354.0,747.25555
13355.0,677.5598
13356.0,779.8561
13357.0,606.26306
13358.0,439.16074
13359.0,448.05945
13362.0,3039.5918
13363.0,998.179
13365.0,2189.2854
13366.0,59.03472
13368.0,653.32574
13369.0,264.50262
13370.0,717.56976
13372.0,380.56033
13373.0,3370.585
13375.0,779.7596
13376.0,1013.7781
13379.0,550.41315
13381.0,3600.3853
13382.0,229.28542
13384.0,4102.7446
13385.0,508.42307
13388.0,617.8947
13389.0,787.346
13390.0,525.9554
13391.0,57.036076
13394.0,2272.8835
13395.0,314.84415
13396.0,1370.4175
13397.0,1561.4537
13398.0,465.7472
13402.0,597.45404
13403.0,77.67701
13404.0,256.2906
13405.0,556.0216
13408.0,27491.373
13410.0,1002.1238
13411.0,203.18109
13414.0,1405.7456
13416.0,713.53656
13417.0,642.5688
13418.0,5828.248
13419.0,231.45088
13420.0,104.54632
13421.0,1860.3174
13422.0,2656.2407
13425.0,1651.7892
13426.0,3519.6497
13427.0,552.1959
13428.0,207.09047
13429.0,980.56824
13430.0,646.45984
13431.0,1259.8883
13434.0,520.9086
13435.0,3774.8003
13436.0,184.66164
13437.0,3412.6501
13439.0,285.2502
13441.0,312.20743
13447.0,1096.689
13448.0,3457.6775
13449.0,293.89728
13450.0,2040.8246
13451.0,3020.8425
13452.0,576.42786
13453.0,358.84985
13455.0,975.6364
13456.0,1711.1633
13458.0,9484.29
13460.0,180.38664
13461.0,1474.0898
13462.0,132.28584
13464.0,676.3563
13466.0,300.8162
13467.0,1092.3123
13468.0,5659.0825
13470.0,163.58496
13471.0,2558.3042
13473.0,401.27472
13474.0,224.87096
13475.0,1438.598
13476.0,1099.3046
13477.0,1396.1595
13479.0,283.907
13481.0,1768.6655
13482.0,183.88516
13483.0,136.20197
13484.0,310.6955
13485.0,464.35913
13486.0,1116.0591
13487.0,557.96136
13488.0,8814.929
13489.0,474.16904
13491.0,1217.4531
13494.0,310.6955
13495.0,1971.6353
13496.0,617.12665
13497.0,317.523
13499.0,1150.4628
13500.0,1161.6487
13502.0,284.3134
13503.0,205.62262
13504.0,300.01758
13506.0,447.5297
13507.0,2451.659
13508.0,110.580605
13509.0,989.1469
13510.0,1798.2135
13512.0,255.68596
13513.0,200.7415
13514.0,159.16
13515.0,841.1383
13516.0,1399.1562
13517.0,2162.4011
13518.0,682.56903
13519.0,105.58011
13521.0,1105.9596
13522.0,125.90395
13523.0,3728.1936
13524.0,649.6627
13525.0,649.46655
13527.0,2264.8042
13529.0,312.08084
13531.0,486.09512
13532.0,196.76999
13533.0,273.8697
13534.0,5616.3677
13536.0,3415.2964
13538.0,1270.6846
13539.0,613.0969
13544.0,303.8493
13546.0,620.0896
13548.0,689.307
13549.0,915.02783
13551.0,93.93185
13552.0,3553.8953
13555.0,4175.2764
13557.0,569.8843
13558.0,607.6159
13560.0,175.32388
13561.0,140.8162
13562.0,1828.7406
13563.0,777.0328
13564.0,622.1725
13565.0,240.27432
13566.0,864.3344
13568.0,194.4357
13569.0,370.33353
13570.0,231.41821
13571.0,2134.325
13572.0,1402.7037
13573.0,303.97806
13575.0,726.69653
13576.0,6708.4067
13577.0,1668.2527
13579.0,480.12888
13581.0,115.91253
13583.0,792.7932
13584.0,140.8162
13587.0,344.25302
13588.0,2376.579
13589.0,374.8391
13590.0,1944.6998
13591.0,1110.5542
13592.0,225.98024
13593.0,1963.6433
13594.0,391.11807
13596.0,679.24835
13598.0,163.40707
13599.0,5065.9307
13600.0,231.01006
13601.0,690.2379
13602.0,431.7724
13603.0,164.98242
13606.0,277.10068
13607.0,675.4056
13610.0,1100.4692
13611.0,1194.8998
13614.0,1651.0011
13615.0,412.95776
13617.0,543.9296
13618.0,177.85904
13621.0,203.18109
13623.0,658.2874
13626.0,258.37488
13627.0,1648.297
13629.0,8080.9077
13630.0,2002.3544
13631.0,3025.6567
13632.0,2128.983
13634.0,1554.2759
13635.0,1030.351
13636.0,941.98334
13637.0,801.5333
13638.0,116.71703
13639.0,1030.351
13642.0,355.9532
13643.0,511.78934
13644.0,2578.714
13645.0,256.09335
13647.0,1663.3856
13649.0,341.79553
13650.0,1785.6454
13651.0,93.55124
13652.0,1115.2405
13654.0,2703.6177
13655.0,909.63477
13656.0,376.8231
13657.0,380.2947
13658.0,2425.612
13659.0,1567.1742
13662.0,880.283
13663.0,192.93135
13666.0,89.23774
13667.0,312.9979
13668.0,5738.861
13669.0,220.72719
13670.0,348.77682
13673.0,408.2545
13675.0,486.09512
13678.0,231.84576
13680.0,2195.858
13681.0,811.8273
13682.0,57.036076
13684.0,59.94208
13685.0,3104.4023
13686.0,67.276375
13689.0,918.68536
13690.0,174.44792
13692.0,1451.9468
13694.0,62644.207
13695.0,2499.35
13697.0,139.89621
13699.0,314.84415
13700.0,2318.5735
13703.0,99.45957
13704.0,2277.999
13705.0,709.4324
13706.0,333.93436
13707.0,807.52936
13708.0,311.80005
13709.0,6243.2573
13710.0,181.77962
13711.0,258.91608
13712.0,224.87096
13715.0,1088.0514
13716.0,136.88278
13717.0,1408.0425
13718.0,307.53284
13719.0,1055.0554
13720.0,794.75006
13721.0,516.3181
13722.0,2381.1763
13723.0,202.94551
13725.0,1848.332
13726.0,1088.7244
13727.0,332.80258
13728.0,1029.1841
13730.0,755.6972
13731.0,597.45404
13732.0,486.94257
13735.0,2725.3926
13736.0,715.2276
13737.0,333.15125
13739.0,210.06949
13740.0,355.9532
13741.0,654.84235
13742.0,3119.6838
13743.0,1261.61
13744.0,1165.7354
13745.0,300.4088
13747.0,76.227875
13748.0,1030.4717
13750.0,1664.9673
13751.0,300.4409
13752.0,1171.548
13753.0,747.78784
13754.0,289.8234
13755.0,2164.5054
13756.0,5213.655
13758.0,3178.0056
13759.0,659.9588
13760.0,293.39264
13761.0,1074.7714
13762.0,10.65297
13763.0,1687.76
13764.0,1517.4501
13767.0,16939.05
13769.0,2790.5132
13771.0,2600.1853
13772.0,1114.5304
13774.0,330.206
13777.0,25745.076
13778.0,178.26643
13780.0,366.7748
13781.0,129.27695
13782.0,921.0633
13784.0,2431.736
13786.0,227.77655
13787.0,312.08084
13790.0,330.54852
13791.0,1031.8434
13792.0,190.18135
13798.0,36362.77
13799.0,693.4925
13800.0,556.6267
13801.0,320.14087
13802.0,3886.2388
13803.0,283.6191
13804.0,2645.47
13805.0,909.85876
13806.0,256.22934
13807.0,110.580605
13808.0,1789.6146
13819.0,1123.3335
13821.0,381.13898
13822.0,653.0252
13823.0,943.43536
13824.0,1710.4437
13826.0,176.57384
13827.0,405.6975
13828.0,197.76169
13831.0,2180.2808
13832.0,21.497204
13833.0,391.27753
13835.0,810.0445
13837.0,272.5613
13838.0,712.80414
13841.0,90.48487
13842.0,3356.4705
13844.0,367.70865
13845.0,310.2722
13846.0,823.40076
13848.0,1253.9911
13849.0,1519.2953
13850.0,1582.711
13851.0,2696.5303
13853.0,1054.84
13854.0,8031.0386
13856.0,385.36145
13858.0,205.48349
13859.0,200.7415
13860.0,1219.4684
13862.0,2207.6562
13863.0,304.75238
13865.0,523.29565
13866.0,137.7602
13867.0,1013.8407
13868.0,3182.2698
13869.0,3198.725
13870.0,2755.653
13871.0,6348.151
13873.0,378.37827
13874.0,534.5015
13875.0,1812.933
13876.0,112.60567
13877.0,115.655464
13878.0,1427.9001
13880.0,3201.3076
13881.0,25952.363
13882.0,1175.26
13883.0,2527.8389
13884.0,820.3623
13885.0,504.10928
13886.0,241.18155
13887.0,355.9532
13888.0,591.18286
13889.0,414.8026
13890.0,1921.7946
13892.0,633.9919
13893.0,793.4614
13894.0,555.3669
13895.0,2621.2837
13897.0,314.6393
13898.0,162.55243
13899.0,375.5882
13900.0,741.4887
13901.0,2769.267
13904.0,329.24866
13908.0,2355.8115
13911.0,2524.3386
13914.0,609.08154
13917.0,269.49783
13918.0,1180.4758
13922.0,173.06087
13923.0,348.9953
13924.0,1660.5367
13925.0,619.0421
13926.0,229.80946
13927.0,348.77682
13928.0,491.26788
13929.0,792.3466
13930.0,334.49475
13931.0,1235.8
13932.0,314.84415
13933.0,597.86145
13934.0,892.51465
13936.0,364.85144
13937.0,163.41786
13938.0,68.74418
13939.0,537.4325
13940.0,825.18353
13941.0,4877.5825
13946.0,552.9721
13947.0,93.26361
13948.0,103.51368
13949.0,2443.958
13950.0,734.11334
13951.0,701.7608
13952.0,3237.783
13953.0,3481.3228
13954.0,371.0836
13955.0,323.563
13956.0,1037.8328
13959.0,604.722
13960.0,234.25421
13962.0,174.96033
13963.0,660.90796
13967.0,75.54285
13969.0,8989.721
13971.0,2698.4644
13972.0,184.60127
13973.0,260.32947
13974.0,416.4406
13975.0,2567.3857
13976.0,356.9855
13978.0,190.30005
13979.0,853.6934
13980.0,198.91742
13982.0,1865.1688
13983.0,2605.0825
13984.0,439.37213
13985.0,7033.846
13986.0,316.2462
13988.0,4091.8057
13989.0,1259.8883
13990.0,314.84415
13991.0,848.9111
13992.0,76.04434
13993.0,3420.7292
13994.0,2298.9382
13995.0,1434.2833
13999.0,3855.468
14000.0,653.32574
14001.0,2015.7788
14002.0,516.3998
14004.0,4639.8667
14005.0,2819.3071
14006.0,965.5738
14009.0,701.7608
14012.0,325.0489
14013.0,458.39706
14014.0,513.7091
14015.0,905.7566
14019.0,1409.5417
14020.0,652.19025
14021.0,631.00104
14022.0,439.16074
14023.0,574.3356
14024.0,324.90054
14027.0,104.884796
14029.0,473.53647
14030.0,2425.6274
14031.0,14678.56
14032.0,2929.7124
14034.0,517.603
14035.0,1451.0493
14036.0,626.54913
14037.0,159.09587
14038.0,1592.1371
14039.0,154.24146
14040.0,3557.0002
14041.0,140.8162
14044.0,647.1083
14045.0,1651.3054
14046.0,156.22047
14047.0,1247.9922
14048.0,371.56842
14049.0,5641.881
14050.0,761.5908
14051.0,15476.656
14052.0,229.80946
14053.0,262.5757
14054.0,96.71339
14055.0,755.10236
14056.0,8134.732
14057.0,6121.875
14059.0,182.67746
14060.0,6141.4854
14062.0,10469.283
14064.0,1211.1078
14066.0,156.22047
14067.0,371.89905
14068.0,260.32947
14071.0,1356.2742
14073.0,132.44814
14075.0,951.6812
14076.0,116.96519
14077.0,490.92145
14078.0,1028.7485
14079.0,373.4183
14080.0,39.567165
14081.0,892.1756
14082.0,182.67746
14083.0,1026.44
14085.0,4424.5166
14087.0,168.37311
14088.0,50423.094
14089.0,166.21826
14090.0,74.23388
14092.0,4054.4646
14093.0,438.41162
14096.0,57151.82
14098.0,139.89621
14099.0,3107.9307
14100.0,194.8969
14101.0,5675.7046
14102.0,1271.4683
14104.0,216.77527
14105.0,1273.6833
14107.0,2663.8499
14108.0,598.04816
14109.0,84.95929
14110.0,5657.3867
14111.0,648.683
14112.0,2732.247
14113.0,1361.2574
14114.0,381.13898
14116.0,1380.2734
14117.0,93.24682
14121.0,2736.1426
14124.0,415.158
14125.0,2736.4255
14126.0,638.7098
14127.0,714.8129
14128.0,652.76324
14129.0,1129.7516
14130.0,482.63358
14132.0,3514.1943
14133.0,586.3076
14135.0,4806.0107
14138.0,992.25494
14139.0,417.218
14140.0,905.23395
14141.0,885.99286
14142.0,310.6955
14143.0,114.1211
14145.0,3164.6018
14146.0,2974.6287
14147.0,467.75708
14148.0,162.55243
14149.0,264.5934
14150.0,666.5455
14152.0,619.05524
14154.0,1327.0626
14155.0,115.91253
14157.0,394.63928
14158.0,510.74646
14159.0,4645.3276
14161.0,1102.2125
14162.0,289.8234
14163.0,2404.8745
14164.0,1519.9628
14165.0,116.96519
14167.0,591.5491
14171.0,361.24155
14173.0,482.03003
14174.0,130.2187
14175.0,3106.0938
14176.0,582.65204
14177.0,567.0298
14178.0,1629.6846
14179.0,714.56885
14180.0,4637.37
14184.0,465.58694
14185.0,202.71773
14188.0,2003.2826
14189.0,5148.834
14191.0,4668.8804
14193.0,851.8146
14194.0,11196.035
14195.0,962.6398
14196.0,330.09116
14198.0,654.2619
14199.0,192.40436
14201.0,730.3942
14204.0,165.817
14205.0,205.80724
14206.0,307.53284
14208.0,156.62787
14209.0,2141.26
14210.0,1860.1615
14211.0,2210.0637
14212.0,1064.6705
14214.0,1005.15344
14215.0,1782.7577
14216.0,1826.1821
14217.0,1933.9866
14218.0,166.07843
14219.0,90.32852
14220.0,653.32574
14221.0,3473.2166
14222.0,689.18994
14223.0,933.44666
14224.0,1050.7653
14226.0,2211.6768
14227.0,3297.9268
14229.0,1449.6678
14231.0,799.04407
14232.0,2096.305
14233.0,1480.9686
14234.0,787.99713
14235.0,3182.3801
14236.0,495.58264
14237.0,163.41786
14238.0,137.21289
14239.0,2329.4087
14240.0,895.19336
14241.0,202.7737
14242.0,272.54828
14243.0,2549.527
14245.0,1665.4072
14246.0,1474.8113
14247.0,138.6865
14248.0,312.9979
14250.0,1895.0273
14251.0,2901.7026
14256.0,961.1336
14257.0,3107.509
14258.0,12612.876
14259.0,116.96519
14261.0,1162.8097
14262.0,2590.1072
14264.0,313.12076
14267.0,1244.0494
14270.0,484.2558
14271.0,110.580605
14272.0,448.19858
14273.0,539.57465
14276.0,1038.7119
14280.0,132.74313
14282.0,3695.5344
14284.0,550.41315
14285.0,1898.2123
14286.0,4569.4517
14287.0,69.89999
14288.0,437.6759
14289.0,912.64856
14290.0,2273.868
14291.0,3813.9692
14292.0,4801.536
14293.0,1051.1643
14295.0,158.51675
14297.0,1260.9591
14298.0,42600.01
14299.0,2809.5076
14300.0,44.937267
14301.0,653.73315
14304.0,189.65294
14305.0,1827.5936
14306.0,2022.2709
14307.0,3035.6934
14309.0,2262.7974
14311.0,233.59421
14312.0,1616.2941
14314.0,117.37258
14315.0,2544.2322
14317.0,517.08655
14320.0,338.78592
14321.0,1489.3639
14323.0,580.98584
14326.0,163.8626
14327.0,314.84415
14329.0,4871.6387
14331.0,473.13086
14332.0,865.12665
14333.0,344.70682
14334.0,2496.9153
14336.0,1636.5819
14338.0,541.9758
14339.0,302.1671
14340.0,136.89578
14341.0,2128.583
14342.0,620.593
14344.0,945.1717
14345.0,109.43434
14346.0,1007.11334
14348.0,405.3826
14349.0,129.46819
14350.0,262.5757
14351.0,55.566902
14352.0,1077.8723
14353.0,93.93185
14354.0,160.84569
14355.0,173.06087
14356.0,654.77167
14357.0,229.46028
14359.0,892.6734
14360.0,2098.7302
14362.0,163.00754
14364.0,3703.4634
14367.0,9150.719
14368.0,156.22047
14371.0,99.45957
14373.0,74.23388
14375.0,258.37488
14377.0,597.45404
14379.0,340.88583
14381.0,195.08357
14382.0,667.2409
14383.0,1258.827
14385.0,197.59247
14386.0,140.8162
14387.0,1819.3374
14388.0,3144.4204
14389.0,1024.3557
14390.0,4652.1084
14393.0,65.70785
14395.0,3424.982
14396.0,487.90692
14397.0,2501.7124
14400.0,545.8128
14401.0,4002.8984
14403.0,1434.1954
14404.0,1408.0425
14406.0,162.95982
14407.0,2089.2427
14408.0,2612.6255
14409.0,1873.636
14410.0,1126.748
14411.0,1030.0773
14412.0,752.7163
14413.0,116.96519
14414.0,1506.3314
14415.0,5804.1787
14416.0,495.85513
14418.0,1997.2216
14419.0,1059.09
14420.0,380.8819
14421.0,821.13116
14422.0,4189.367
14423.0,258.91428
14424.0,320.49326
14426.0,3897.2886
14427.0,362.98743
14428.0,1246.1389
14431.0,403.49548
14432.0,2224.0
14434.0,1433.2495
14436.0,91.679855
14438.0,131.20387
14440.0,2363.391
14441.0,1528.8611
14443.0,1399.1455
14446.0,1061.4137
14447.0,1153.5962
14448.0,371.57278
14449.0,904.18274
14450.0,476.8173
14451.0,665.9291
14452.0,267.99225
14453.0,116.96519
14456.0,3157.7751
14457.0,110.580605
14459.0,1793.743
14460.0,378.37827
14461.0,2069.7395
14462.0,1979.7606
14463.0,536.04333
14465.0,1039.448
14466.0,2302.104
14467.0,616.6324
14470.0,475.4704
14472.0,1987.1729
14473.0,236.52211
14474.0,537.5279
14475.0,839.0545
14476.0,209.51158
14477.0,1313.6974
14479.0,318.74023
14480.0,284.35367
14481.0,653.32574
14482.0,2042.6072
14483.0,127.086494
14484.0,313.365
14485.0,167.25873
14487.0,1211.1078
14488.0,1068.7129
14489.0,465.6438
14491.0,336.27634
14493.0,2387.1702
14494.0,138.68065
14495.0,121.59527
14496.0,530.40393
14497.0,464.6472
14498.0,1935.8583
14499.0,796.5011
14500.0,345.5731
14501.0,201.18295
14502.0,2341.7368
14503.0,3513.907
14504.0,660.9306
14505.0,5848.2847
14506.0,1975.6364
14507.0,1368.7733
14508.0,269.54865
14511.0,1240.8641
14512.0,274.352
14513.0,449.1877
14514.0,1033.0465
14515.0,2133.5593
14517.0,326.8064
14518.0,174.58705
14520.0,271.82657
14522.0,943.059
14523.0,231.8256
14524.0,1875.6863
14525.0,4287.219
14527.0,7709.5522
14528.0,364.39703
14529.0,624.96814
14530.0,3020.8425
14532.0,904.5441
14533.0,1854.468
14534.0,4436.5415
14535.0,2816.1665
14536.0,173.06087
14537.0,348.6377
14538.0,377.15372
14539.0,539.65985
14540.0,970.34265
14541.0,1401.8016
14542.0,103.51368
14543.0,2946.3904
14544.0,2021.6362
14546.0,2430.2817
14547.0,4006.1118
14548.0,657.37195
14549.0,292.42175
14550.0,772.75525
14551.0,185.46909
14552.0,166.44693
14553.0,867.13763
14554.0,2374.7744
14555.0,327.97186
14560.0,2156.819
14561.0,1030.4275
14562.0,4694.2803
14565.0,3056.4375
14567.0,1516.7443
14569.0,219.26309
14570.0,221.17754
14572.0,2837.7605
14573.0,1595.5514
14576.0,38.050552
14577.0,844.976
14578.0,161.40147
14581.0,138.77597
14582.0,108.35712
14583.0,1073.2532
14584.0,1047.1279
14585.0,163.14442
14586.0,132.61461
14587.0,1553.7184
14589.0,41.437843
14591.0,1454.0259
14592.0,554.0697
14593.0,612.3814
14594.0,377.78625
14595.0,1745.5879
14597.0,880.35645
14598.0,231.18492
14600.0,394.5886
14601.0,207.53807
14603.0,676.8573
14606.0,11717.101
14607.0,11003.838
14608.0,1793.0248
14609.0,620.03516
14616.0,398.70578
14618.0,525.8593
14619.0,376.8231
14620.0,393.01385
14621.0,1853.6779
14622.0,313.56982
14623.0,871.833
14624.0,232.43983
14625.0,863.4791
14626.0,2717.2295
14628.0,666.899
14629.0,960.87726
14631.0,985.62354
14632.0,114.1211
14633.0,333.36676
14636.0,602.1428
14638.0,438.96228
14639.0,2946.0986
14640.0,2109.7917
14641.0,108.5497
14642.0,97.17874
14643.0,655.4531
14644.0,777.9445
14645.0,588.6479
14647.0,240.74072
14649.0,1413.9568
14651.0,656.9486
14652.0,106.221085
14653.0,1948.8638
14655.0,1938.2739
14656.0,300.4088
14657.0,812.5667
14658.0,259.18317
14659.0,2448.3652
14660.0,289.5663
14661.0,109.77701
14662.0,772.8655
14664.0,650.4075
14665.0,1257.8541
14666.0,193.0748
14667.0,9135.0
14669.0,1264.2467
14670.0,432.0978
14672.0,776.2435
14673.0,1724.2057
14675.0,597.5137
14676.0,2486.7078
14680.0,24142.742
14681.0,506.37335
14682.0,53.324383
14684.0,1241.9677
14687.0,648.11066
14688.0,5147.606
14689.0,110.580605
14690.0,356.42856
14691.0,2164.8735
14692.0,583.79895
14693.0,173.06087
14696.0,2096.2595
14697.0,184.07286
14698.0,1229.0011
14699.0,107.966545
14700.0,2247.6426
14701.0,2481.108
14702.0,3231.226
14703.0,313.52255
14704.0,1525.8055
14705.0,182.67746
14708.0,1099.0851
14709.0,4904.545
14710.0,615.8833
14711.0,2970.9312
14712.0,908.1875
14713.0,2655.9429
14714.0,163.00754
14715.0,851.31213
14716.0,326.97226
14719.0,1585.8873
14720.0,657.93115
14722.0,192.40436
14723.0,1182.4338
14725.0,738.03656
14727.0,273.83176
14729.0,310.6955
14730.0,2104.892
14731.0,375.55746
14732.0,2671.7473
14733.0,9443.83
14735.0,5802.2393
14737.0,1151.0817
14738.0,1343.5812
14739.0,3891.92
14740.0,1428.6564
14741.0,1426.7913
14744.0,1092.719
14745.0,1150.4551
14747.0,300.4088
14748.0,1279.1495
14752.0,392.6453
14753.0,565.4129
14754.0,652.981
14755.0,4985.0117
14756.0,748.4368
14757.0,415.58264
14758.0,1516.6794
14759.0,1641.0156
14760.0,53.266945
14761.0,260.35187
14762.0,310.87033
14764.0,255.74992
14765.0,255.66173
14766.0,2458.6582
14768.0,150.81161
14769.0,10639.686
14770.0,863.39233
14772.0,138.82756
14775.0,999.1312
14776.0,2210.0637
14778.0,755.7443
14779.0,384.09924
14780.0,476.67004
14782.0,202.94551
14784.0,293.60657
14785.0,79.02795
14788.0,680.60626
14789.0,194.41512
14790.0,760.73486
14793.0,208.86067
14794.0,1251.4656
14795.0,131.20387
14796.0,7909.227
14798.0,178.40897
14799.0,163.14442
14800.0,4245.5693
14801.0,195.82275
14803.0,861.49207
14804.0,343.27634
14805.0,538.4662
14806.0,195.96188
14808.0,2178.4185
14810.0,2076.4636
14813.0,159.09587
14815.0,777.6112
14816.0,280.7346
14817.0,1115.4868
14818.0,662.5614
14819.0,270.4766
14820.0,517.603
14821.0,51.13373
14823.0,317.523
14824.0,1151.7389
14825.0,2227.545
14828.0,2193.2083
14829.0,629.47076
14830.0,197.0598
14834.0,1727.4242
14836.0,96.27405
14837.0,1635.0869
14840.0,62.761986
14841.0,3241.9304
14842.0,2471.813
14844.0,3121.2559
14847.0,314.84415
14849.0,8007.1646
14850.0,272.54828
14851.0,512.0524
14852.0,2843.6624
14853.0,447.70935
14854.0,2740.3638
14855.0,655.0321
14856.0,1312.8708
14857.0,1159.3949
14859.0,1360.6124
14860.0,171.73848
14861.0,125.69005
14862.0,838.5424
14863.0,264.2998
14865.0,51.731625
14866.0,14175.605
14867.0,723.6547
14868.0,2923.1838
14869.0,711.6151
14870.0,320.56418
14871.0,514.9447
14873.0,511.21762
14875.0,1452.5559
14878.0,1427.4058
14880.0,715.73535
14881.0,251.71504
14882.0,577.14453
14883.0,779.8648
14885.0,769.57556
14886.0,375.49457
14887.0,1817.6371
14888.0,370.96732
14889.0,136.89578
14890.0,129.27695
14891.0,545.8128
14893.0,1239.9182
14894.0,668.94775
14895.0,10995.183
14896.0,477.90524
14897.0,1377.8801
14898.0,1229.4014
14901.0,1389.8708
14902.0,319.93842
14903.0,2747.932
14904.0,1010.74677
14905.0,608.80066
14907.0,3471.807
14908.0,284.2863
14910.0,391.02847
14913.0,1207.8855
14915.0,260.74036
14916.0,1294.094
14918.0,1582.711
14920.0,980.6804
14921.0,1216.6097
14923.0,749.1051
14924.0,314.84415
14929.0,229.35965
14944.0,5843.185
14946.0,101.23037
14947.0,304.95682
14948.0,1093.5884
14950.0,364.79404
14951.0,310.2722
14952.0,7913.0327
14953.0,293.89728
14954.0,333.75922
14957.0,59.524143
14958.0,513.8141
14959.0,651.199
14960.0,224.55193
14961.0,7010.776
14962.0,129.27695
14963.0,1454.02
14964.0,200.80074
14965.0,589.0553
14966.0,192.1429
14967.0,467.23212
14968.0,140.23888
14970.0,1646.258
14971.0,1115.6122
14972.0,114.1211
14973.0,1303.7136
14974.0,108.35712
14975.0,284.14716
14976.0,764.7101
14978.0,1922.1871
14981.0,103.51368
14984.0,218.37134
14985.0,300.4088
14987.0,327.17282
14988.0,333.93436
14995.0,235.41458
14997.0,542.2016
14998.0,439.64886
15000.0,488.28082
15002.0,1637.3534
15004.0,1244.556
15005.0,6153.6626
15006.0,507.1993
15007.0,162.55243
15009.0,1251.6862
15010.0,319.53296
15012.0,439.69168
15014.0,255.74992
15016.0,168.37325
15017.0,123.11905
15018.0,476.2425
15019.0,260.32947
15021.0,1817.9937
15022.0,902.8444
15023.0,6793.6025
15024.0,1691.0985
15025.0,381.4504
15026.0,466.8768
15027.0,1051.6731
15028.0,626.7582
15030.0,518.14386
15031.0,652.65497
15032.0,4472.198
15033.0,2634.0708
15034.0,4368.4946
15035.0,251.59839
15036.0,455.64957
15038.0,666.94244
15039.0,19772.666
15041.0,182.67746
15042.0,136.89578
15043.0,536.55286
15044.0,7646.604
15045.0,631.00104
15046.0,5036.1533
15047.0,333.36676
15048.0,392.98526
15049.0,116.96519
15050.0,1710.2546
15051.0,1399.1562
15052.0,209.51158
15053.0,698.5356
15054.0,308.8299
15057.0,1507.5962
15058.0,2069.1023
15059.0,1306.4125
15060.0,292.1297
15061.0,54231.8
15062.0,963.9375
15063.0,370.96732
15065.0,3125.5752
15066.0,767.9964
15067.0,1838.2964
15068.0,547.26184
15069.0,1107.1017
15070.0,105.69217
15071.0,982.1481
15073.0,610.354
15074.0,767.43445
15075.0,779.8561
15076.0,847.7206
15078.0,9620.9
15079.0,888.768
15081.0,454.91815
15083.0,91.95749
15087.0,314.84415
15088.0,1114.7805
15089.0,2452.9614
15090.0,386.2525
15091.0,478.80283
15092.0,470.22528
15093.0,4404.599
15095.0,1363.7607
15096.0,231.18492
15097.0,248.84608
15098.0,622.1725
15099.0,413.36078
15100.0,636.20557
15101.0,307.71576
15103.0,714.0626
15104.0,986.56134
15105.0,2321.7444
15106.0,1410.4572
15107.0,249.34038
15109.0,467.55276
15110.0,993.72943
15111.0,1564.29
15113.0,3252.2112
15114.0,2743.7441
15115.0,329.07455
15116.0,1386.4865
15117.0,1558.6497
15118.0,240.74072
15119.0,263.7757
15120.0,341.5323
15121.0,472.25555
15122.0,1620.0771
15123.0,2248.3745
15124.0,180.23656
15125.0,11089.214
15127.0,405.53378
15128.0,1393.7448
15129.0,3396.9993
15130.0,325.0489
15132.0,994.9934
15133.0,972.4605
15134.0,1364.032
15135.0,127.77152
15136.0,1300.0596
15139.0,180.6231
15140.0,2431.0479
15142.0,493.87656
15143.0,258.37488
15144.0,6465.596
15145.0,1204.5206
15146.0,1304.0898
15147.0,597.45404
15148.0,314.8724
15149.0,511.21762
15150.0,5338.529
15152.0,4704.343
15153.0,325.9425
15154.0,239.73743
15156.0,968.0682
15157.0,1852.1566
15158.0,392.02267
15159.0,18299.672
15160.0,162.55243
15163.0,308.79944
15164.0,859.0979
15165.0,482.38715
15167.0,166.28067
15168.0,107.50263
15171.0,1080.3809
15172.0,1631.6609
15174.0,136.89578
15175.0,229.72624
15178.0,41.437843
15179.0,2212.915
15180.0,91.95749
15181.0,652.38403
15182.0,597.45404
15184.0,429.11395
15185.0,314.42084
15186.0,436.10776
15187.0,4690.7764
15189.0,15803.225
15192.0,1023.9434
15193.0,513.712
15194.0,7833.491
15195.0,3866.9614
15197.0,636.1156
15198.0,189.3753
15199.0,1263.009
15201.0,935.4998
15203.0,1817.336
15204.0,310.6955
15205.0,638.9206
15206.0,429.30017
15208.0,864.8629
15210.0,333.93436
15211.0,893.7373
15212.0,91.96352
15213.0,318.20673
15214.0,1720.6014
15215.0,617.5723
15216.0,97.70848
15218.0,5835.5923
15219.0,312.9979
15220.0,1755.0688
15221.0,106.03046
15222.0,594.8551
15223.0,447.5297
15224.0,311.9294
15225.0,405.3826
15226.0,156.22047
15227.0,1211.2471
15228.0,3331.0059
15230.0,439.64886
15232.0,597.86145
15234.0,202.71773
15235.0,2251.567
15236.0,313.56982
15237.0,1404.2888
15238.0,1077.5104
15239.0,770.8798
15240.0,1664.286
15241.0,1712.267
15243.0,310.2722
15244.0,652.9024
15245.0,2533.8647
15246.0,512.74384
15247.0,355.9532
15249.0,6734.3647
15251.0,10321.558
15252.0,765.8359
15253.0,931.39044
15254.0,310.87033
15255.0,895.535
15256.0,97.30109
15257.0,234.94716
15258.0,597.45404
15260.0,1760.8264
15261.0,251.191
15262.0,182.67746
15263.0,162.95982
15264.0,390.49942
15265.0,1492.88
15266.0,116.96519
15267.0,1710.2546
15269.0,406.8507
15270.0,2266.9211
15271.0,2438.247
15272.0,715.952
15274.0,716.685
15275.0,598.3476
15276.0,134.67758
15277.0,256.44266
15279.0,272.54828
15280.0,110.580605
15281.0,2261.946
15286.0,232.0775
15287.0,485.47708
15288.0,2370.4436
15289.0,924.7453
15290.0,7896.254
15291.0,4549.8267
15292.0,182.67746
15296.0,3585.179
15297.0,622.4262
15298.0,3805.8062
15299.0,3861.3457
15300.0,497.94965
15301.0,5000.405
15303.0,558.5512
15304.0,676.8252
15306.0,1156.459
15307.0,201.20813
15308.0,304.75238
15311.0,59411.867
15312.0,897.2386
15313.0,55.289272
15314.0,320.56418
15315.0,546.3072
15316.0,165.04417
15318.0,318.05667
15319.0,200.7415
15320.0,263.9506
15321.0,2686.839
15322.0,590.3521
15325.0,166.68806
15326.0,310.6955
15327.0,195.1428
15329.0,1049.4603
15330.0,714.6451
15333.0,1061.3325
15334.0,345.72583
15335.0,170.89482
15339.0,552.9721
15341.0,2038.6951
15342.0,415.278
15343.0,381.97214
15344.0,468.3868
15345.0,365.80847
15346.0,251.191
15347.0,200.7415
15348.0,165.49196
15349.0,476.77255
15350.0,114.1211
15351.0,1851.4652
15353.0,779.8331
15355.0,269.69873
15356.0,2743.7441
15358.0,8232.117
15360.0,432.5633
15361.0,415.43146
15363.0,320.7002
15364.0,906.6452
15365.0,1352.6794
15366.0,590.3521
15367.0,1825.2399
15368.0,464.2059
15370.0,2426.2654
15372.0,2065.2026
15373.0,2197.4106
15374.0,168.20885
15376.0,1239.4082
15379.0,3693.718
15380.0,1719.7312
15381.0,588.6479
15382.0,5794.1973
15384.0,631.00104
15385.0,311.06305
15386.0,394.5886
15389.0,509.944
15392.0,1476.487
15393.0,236.03697
15394.0,2172.1306
15395.0,107.966545
15396.0,292.82913
15397.0,97.38162
15398.0,1352.313
15399.0,811.2542
15400.0,627.4319
15402.0,653.32574
15405.0,355.9532
15406.0,439.9323
15407.0,1058.7087
15408.0,263.7757
15410.0,3431.4148
15411.0,1347.8848
15412.0,192.93135
15414.0,774.4645
15415.0,558.5512
15416.0,4041.283
15417.0,514.1246
15419.0,137.15627
15421.0,934.7259
15422.0,94.76335
15423.0,42.009422
15424.0,381.13898
15426.0,1410.4572
15427.0,1487.7888
15428.0,100.07563
15429.0,357.62097
15432.0,166.58716
15433.0,399.33493
15434.0,977.0086
15435.0,140.08879
15436.0,1109.6549
15437.0,202.94551
15438.0,162.55243
15440.0,375.56262
15442.0,598.9988
15443.0,3169.6152
15444.0,1443.6768
15445.0,110.580605
15447.0,156.22047
15448.0,494.18454
15449.0,1014.75635
15450.0,433.08932
15452.0,541.65894
15453.0,1371.2222
15454.0,182.67746
15456.0,443.18613
15457.0,231.41821
15458.0,165.87035
15460.0,209.51158
15462.0,236.92995
15463.0,125.90395
15464.0,1030.0773
15465.0,6946.447
15466.0,329.4267
15467.0,507.55035
15468.0,452.53986
15469.0,516.5607
15471.0,484.74838
15472.0,378.10934
15473.0,1479.8453
15475.0,465.58694
15478.0,1495.0786
15482.0,6551.9653
15483.0,217.17627
15484.0,3595.1108
15485.0,2576.6448
15488.0,93.65421
15489.0,1093.7179
15491.0,3113.964
15492.0,662.75024
15493.0,1977.0725
15494.0,1213.0675
15497.0,1255.1182
15498.0,12395.673
15500.0,1161.0901
15502.0,5556.4033
15503.0,137.21289
15504.0,53.826637
15505.0,3492.9832
15506.0,970.8539
15507.0,484.2558
15508.0,973.43994
15510.0,255.68596
15511.0,905.6216
15512.0,121.36059
15513.0,18614.434
15514.0,2914.493
15516.0,100.20004
15517.0,263.7757
15518.0,1888.654
15520.0,329.33673
15521.0,2615.5813
15522.0,405.48
15523.0,413.36078
15524.0,440.62885
15525.0,796.69946
15526.0,156.07451
15527.0,2455.8398
15528.0,224.87096
15529.0,3898.8079
15530.0,1530.2549
15531.0,1978.0282
15532.0,1555.2118
15533.0,732.8229
15535.0,459.98352
15537.0,106.88932
15539.0,531.6838
15540.0,207.53807
15541.0,90.20724
15543.0,129.27695
15544.0,3561.7112
15545.0,303.97806
15547.0,4945.139
15549.0,1647.5533
15550.0,577.0942
15551.0,438.40814
15552.0,93.93185
15553.0,437.47815
15554.0,209.51158
15555.0,4672.58
15556.0,284.36957
15557.0,494.66943
15561.0,706.1706
15562.0,132.74313
15563.0,1370.2366
15565.0,176.80852
15567.0,192.36502
15568.0,767.2215
15569.0,1363.7607
15570.0,4039.6965
15571.0,645.1215
15572.0,2565.756
15573.0,591.2192
15574.0,723.6547
15576.0,985.2056
15577.0,263.90842
15578.0,129.27695
15579.0,344.70682
15581.0,3435.3713
15582.0,704.96747
15584.0,705.8762
15585.0,464.35913
15587.0,904.74115
15589.0,472.1536
15592.0,390.9913
15593.0,199.05655
15594.0,1748.4276
15596.0,1340.0404
15597.0,319.93842
15598.0,237.37576
15599.0,768.4462
15601.0,6787.9443
15602.0,1112.175
15603.0,49.83249
15604.0,205.84108
15605.0,1197.6523
15606.0,2409.757
15607.0,105.69217
15608.0,1100.5007
15609.0,272.5613
15610.0,108.48587
15611.0,1562.4478
15612.0,189.07382
15615.0,10383.877
15618.0,730.61127
15619.0,333.5149
15620.0,1568.395
15621.0,1173.2653
15622.0,3202.9333
15623.0,310.87033
15624.0,601.95624
15625.0,1492.711
15626.0,668.3813
15628.0,2848.0188
15630.0,1175.342
15632.0,3141.377
15634.0,243.04753
15636.0,729.21094
15637.0,229.9447
15639.0,431.62122
15640.0,13391.843
15641.0,1897.1001
15643.0,630.6358
15644.0,806.0814
15645.0,606.8435
15646.0,437.13412
15648.0,612.7602
15649.0,821.1191
15651.0,638.6454
15652.0,337.42456
15653.0,863.7834
15654.0,919.5579
15655.0,510.15735
15656.0,758.90393
15657.0,21.909357
15658.0,968.855
15659.0,315.2117
15660.0,1627.245
15661.0,307.53284
15663.0,137.29018
15664.0,361.80426
15665.0,2274.279
15667.0,313.36545
15668.0,74.23388
15669.0,649.6627
15670.0,173.06087
15671.0,2651.9302
15673.0,2827.318
15674.0,1767.8989
15675.0,310.02737
15676.0,3316.9285
15677.0,646.1356
15678.0,348.9953
15679.0,787.99713
15680.0,1345.7096
15681.0,956.3059
15683.0,194.8431
15687.0,2951.351
15689.0,259.32346
15690.0,237.61351
15691.0,138.6865
15692.0,191.10925
15694.0,6398.1445
15695.0,426.1377
15696.0,2675.1855
15699.0,317.5205
15700.0,657.1778
15701.0,1576.1254
15703.0,202.7737
15704.0,2252.9802
15705.0,140.8162
15706.0,1042.6615
15707.0,926.6021
15708.0,3358.3699
15709.0,132.74313
15712.0,1102.7776
15713.0,345.72583
15714.0,328.81955
15716.0,1164.2643
15717.0,137.21289
15719.0,5014.567
15720.0,594.2399
15721.0,511.17938
15722.0,2192.716
15723.0,200.7415
15724.0,208.7362
15725.0,414.93884
15727.0,5190.395
15729.0,53.324383
15730.0,1104.6882
15732.0,300.4088
15733.0,166.28067
15734.0,1325.4167
15737.0,1223.2467
15738.0,4793.2437
15739.0,453.6201
15740.0,156.8073
15743.0,788.08594
15744.0,36.74931
15745.0,1049.0669
15746.0,179.93806
15747.0,969.91296
15748.0,139.89621
15749.0,21527.451
15750.0,2432.598
15752.0,2663.5054
15753.0,76.227875
15754.0,476.37125
15755.0,2217.5063
15756.0,537.97107
15757.0,712.7457
15758.0,192.43889
15759.0,264.5934
15762.0,569.801
15763.0,1031.9196
15764.0,3289.4202
15766.0,310.2722
15768.0,601.95624
15769.0,44074.598
15773.0,598.02045
15774.0,277.9114
15775.0,105.69217
15776.0,240.74072
15777.0,1036.8531
15780.0,476.8173
15781.0,309.43683
15782.0,2622.3152
15783.0,255.30557
15785.0,2293.5825
15786.0,4625.968
15787.0,967.52905
15789.0,355.9532
15790.0,230.33784
15791.0,1572.9152
15793.0,920.5566
15795.0,606.26306
15796.0,2659.736
15797.0,2223.0305
15799.0,884.1705
15800.0,716.0789
15801.0,1044.4987
15803.0,414.78128
15804.0,3605.293
15805.0,5464.6714
15806.0,786.41125
15807.0,902.61646
15808.0,3634.3303
15809.0,339.04843
15810.0,1139.0714
15811.0,2101.2498
15812.0,1803.7981
15813.0,1285.3971
15814.0,1839.0303
15815.0,2173.2312
15819.0,1904.7386
15820.0,200.80074
15821.0,563.0965
15822.0,880.94543
15825.0,508.42307
15826.0,1645.8612
15827.0,1647.8988
15829.0,653.73315
15830.0,547.1318
15831.0,766.5003
15832.0,848.3888
15834.0,2042.2592
15835.0,942.6353
15836.0,121.56195
15837.0,390.49942
15838.0,33340.734
15839.0,1045.8038
15840.0,347.4551
15841.0,1215.113
15843.0,115.91253
15844.0,131.24529
15845.0,3562.6433
15847.0,375.25598
15850.0,240.27432
15852.0,161.08987
15853.0,108.48587
15854.0,3042.021
15855.0,698.4165
15856.0,16120.853
15857.0,314.4764
15858.0,1452.8322
15860.0,969.00995
15861.0,3062.34
15862.0,805.78723
15863.0,73.146965
15864.0,1773.9053
15865.0,901.0613
15866.0,228.18394
15867.0,3776.1135
15869.0,159.09587
15870.0,347.30228
15872.0,365.01083
15874.0,4347.1504
15877.0,444.85477
15880.0,318.74023
15881.0,463.9251
15882.0,495.4188
15883.0,409.56693
15885.0,377.7782
15886.0,184.06451
15888.0,132.81425
15889.0,474.63977
15891.0,508.42307
15894.0,264.50262
15895.0,182.67746
15897.0,231.00401
15898.0,1416.3431
15899.0,59.524143
15900.0,350.09375
15901.0,359.25363
15903.0,5097.2905
15904.0,168.57143
15906.0,1536.5399
15907.0,967.55035
15909.0,192.93135
15910.0,1222.4929
15912.0,264.50262
15916.0,1489.6334
15917.0,130.4942
15918.0,342.73755
15919.0,650.4075
15920.0,161.74577
15921.0,333.93436
15922.0,364.85144
15923.0,129.27695
15925.0,200.80074
15930.0,431.7724
15932.0,2356.9775
15933.0,1105.7992
15935.0,437.6759
15937.0,137.7602
15938.0,388.80994
15939.0,6075.51
15940.0,23.687435
15942.0,341.26776
15944.0,320.56418
15945.0,182.67746
15947.0,1877.1049
15948.0,948.09064
15949.0,363.1909
15950.0,1716.512
15951.0,644.7715
15952.0,803.99506
15953.0,1700.1365
15955.0,4354.9355
15957.0,432.6395
15958.0,105.02393
15963.0,479.80032
15965.0,825.18353
15967.0,440.33765
15969.0,594.83673
15970.0,310.6955
15971.0,4120.5654
15973.0,110.84778
15974.0,3429.9946
15975.0,377.4449
15976.0,446.38678
15977.0,1073.5283
15978.0,1037.1611
15980.0,2366.919
15981.0,3428.5803
15983.0,1530.2549
15984.0,2785.713
15985.0,1027.9441
15986.0,170.81262
15987.0,1419.3555
15988.0,163.92487
15990.0,807.42694
15992.0,40.32202
15993.0,2736.8318
15994.0,431.9909
15996.0,1041.4111
15998.0,3107.6787
16000.0,12383.24
16003.0,2705.5378
16005.0,623.20905
16006.0,103.51368
16007.0,1664.0865
16008.0,482.6143
16009.0,975.6364
16010.0,398.70578
16011.0,3397.192
16012.0,1417.7808
16013.0,33380.664
16014.0,650.18787
16015.0,703.4671
16016.0,1479.4672
16017.0,197.1106
16018.0,430.56448
16019.0,3463.726
16020.0,854.8919
16022.0,651.89514
16023.0,730.52496
16024.0,256.6546
16025.0,440.62885
16026.0,232.72575
16027.0,851.10205
16029.0,50978.215
16030.0,333.93436
16031.0,545.64417
16033.0,8675.414
16034.0,443.18613
16036.0,770.94507
16037.0,859.1946
16038.0,468.16354
16040.0,1307.8129
16041.0,3202.637
16042.0,1148.6799
16043.0,791.6537
16045.0,1371.1399
16048.0,238.90659
16049.0,1111.2909
16050.0,138.6865
16052.0,363.82465
16053.0,1509.0457
16054.0,771.59436
16055.0,136.89578
16056.0,675.4547
16057.0,2172.7346
16059.0,1467.5605
16062.0,1188.5553
16063.0,333.93436
16065.0,370.96732
16066.0,1488.7384
16070.0,849.31964
16071.0,320.2195
16072.0,594.8551
16073.0,94.76335
16076.0,2140.7988
16078.0,76.227875
16079.0,1352.313
16080.0,192.25192
16081.0,2697.2048
16083.0,1325.4167
16084.0,437.4661
16085.0,993.2106
16086.0,1206.929
16091.0,318.74023
16092.0,770.0458
16093.0,17.373787
16094.0,1034.134
16096.0,313.56982
16097.0,183.88516
16098.0,1993.4375
16099.0,739.8526
16101.0,1236.0669
16102.0,1850.1332
16103.0,1410.1827
16104.0,312.43546
16105.0,341.26776
16106.0,107.29831
16107.0,3182.697
16108.0,820.84564
16109.0,597.45404
16110.0,1351.616
16112.0,190.52428
16113.0,163.41786
16114.0,136.89578
16115.0,1710.03
16116.0,581.62823
16117.0,227.77655
16119.0,444.31848
16120.0,1295.313
16121.0,863.4044
16122.0,727.5572
16123.0,314.6393
16124.0,184.07286
16125.0,292.42175
16126.0,5223.3325
16127.0,646.6873
16128.0,1878.0903
16131.0,3517.0908
16133.0,14315.59
16134.0,612.3814
16135.0,511.21762
16136.0,722.1363
16139.0,634.7842
16140.0,723.2979
16141.0,622.76465
16142.0,534.5015
16143.0,2442.087
16144.0,173.06087
16145.0,3797.839
16146.0,734.30475
16147.0,373.4183
16148.0,74.23388
16149.0,271.794
16150.0,1882.4174
16152.0,1860.9596
16153.0,1827.2048
16156.0,3064.494
16157.0,643.597
16159.0,333.36676
16160.0,1023.3333
16161.0,5323.4062
16162.0,38.050552
16163.0,443.18613
16164.0,804.56354
16168.0,3784.4048
16169.0,1829.832
16170.0,1819.7216
16171.0,73.426506
16172.0,1140.8623
16173.0,1410.4572
16174.0,1000.79596
16175.0,1032.5504
16177.0,329.47894
16178.0,202.71773
16179.0,205.48349
16180.0,10204.582
16181.0,312.5746
16182.0,6648.9346
16183.0,325.97488
16184.0,1146.9576
16185.0,520.0776
16186.0,3998.7502
16187.0,6802.266
16188.0,958.2579
16189.0,222.57376
16190.0,201.19966
16191.0,4933.351
16193.0,310.6955
16198.0,391.94403
16200.0,1086.0443
16201.0,1826.8787
16202.0,375.49457
16203.0,589.233
16204.0,404.0508
16205.0,772.8655
16206.0,534.99835
16207.0,391.81635
16208.0,666.14685
16209.0,2257.2861
16210.0,17677.588
16211.0,543.97473
16212.0,706.75024
16213.0,166.35739
16214.0,1034.7112
16215.0,240.99234
16216.0,892.51465
16217.0,245.69609
16218.0,3042.9092
16221.0,870.7953
16222.0,848.3888
16224.0,1340.7583
16225.0,1095.8523
16226.0,264.5934
16227.0,307.53284
16229.0,1007.4258
16230.0,539.6209
16232.0,994.4248
16233.0,455.2612
16235.0,857.2178
16236.0,437.61728
16239.0,379.7526
16240.0,3680.0464
16241.0,2612.5593
16242.0,3600.7976
16243.0,428.12222
16244.0,1519.8541
16245.0,1359.5787
16247.0,114.1211
16248.0,159.02087
16249.0,1835.3447
16250.0,381.13898
16253.0,3583.5994
16255.0,2643.5583
16256.0,755.7443
16257.0,50.50073
16258.0,5234.1157
16260.0,1030.7306
16261.0,760.73486
16265.0,5399.2896
16266.0,880.4215
16268.0,666.06824
16270.0,1163.2316
16271.0,1409.1377
16272.0,414.02524
16274.0,356.9855
16275.0,556.6267
16276.0,792.7932
16278.0,541.65894
16279.0,1530.2549
16281.0,2003.5392
16282.0,168.20885
16283.0,1474.5673
16284.0,830.83887
16287.0,140.8162
16292.0,290.23077
16293.0,2234.8132
16295.0,1362.8788
16297.0,245.69609
16298.0,598.04816
16302.0,212.98024
16303.0,5292.475
16305.0,353.60086
16306.0,613.82904
16308.0,2610.909
16309.0,696.98645
16311.0,596.31854
16313.0,266.77493
16315.0,229.28542
16316.0,2758.2727
16317.0,1357.353
16318.0,325.253
16319.0,402.5827
16322.0,325.9601
16323.0,200.80074
16324.0,432.6007
16325.0,545.8431
16326.0,3032.377
16327.0,3794.0857
16330.0,233.84944
16332.0,1671.1788
16333.0,26620.69
16337.0,139.89621
16338.0,202.7737
16339.0,107.966545
16340.0,552.8422
16341.0,1920.7057
16342.0,298.29776
16343.0,370.33353
16344.0,98.77454
16345.0,571.9148
16347.0,880.35645
16348.0,1430.6389
16349.0,56.199905
16350.0,1097.3445
16351.0,156.22047
16352.0,497.6379
16353.0,5714.4683
16354.0,404.7048
16356.0,203.11954
16357.0,659.799
16358.0,1992.6915
16359.0,1454.3724
16360.0,3388.7524
16361.0,890.8343
16362.0,638.6946
16363.0,109.563095
16364.0,708.6017
16365.0,1517.7526
16366.0,323.24054
16367.0,808.47144
16368.0,502.22852
16369.0,1565.2495
16370.0,1360.4844
16372.0,363.3662
16374.0,478.58435
16376.0,964.8284
16377.0,687.71246
16378.0,357.80075
16379.0,2153.0288
16380.0,1779.3159
16383.0,666.06824
16384.0,576.83527
16385.0,554.91187
16386.0,319.93842
16387.0,97.38162
16389.0,1370.0573
16392.0,231.01006
16393.0,2947.0186
16394.0,1403.3229
16395.0,1459.7483
16398.0,1636.8579
16399.0,430.89673
16400.0,313.40527
16401.0,4060.2605
16402.0,304.75238
16403.0,161.08987
16404.0,438.7438
16405.0,163.8626
16406.0,167.6531
16407.0,2168.666
16409.0,1980.5265
16411.0,222.57376
16412.0,156.81247
16413.0,258.67657
16414.0,127.16587
16415.0,199.21223
16416.0,1020.3084
16418.0,703.4752
16419.0,968.41046
16422.0,33817.617
16423.0,327.50732
16424.0,85.34581
16425.0,312.9979
16426.0,1871.1238
16427.0,238.54892
16429.0,285.6576
16430.0,310.3079
16431.0,631.00104
16432.0,291.43457
16433.0,181.6374
16434.0,1473.1908
16438.0,792.9532
16440.0,3338.2393
16441.0,377.15372
16442.0,612.696
16444.0,614.82684
16445.0,225.50917
16446.0,19.85074
16447.0,258.37488
16448.0,192.93135
16449.0,701.7608
16450.0,310.6955
16451.0,264.18307
16455.0,1800.9778
16456.0,2171.875
16457.0,200.80074
16458.0,3527.1282
16460.0,796.5011
16461.0,137.21289
16462.0,82.383415
16463.0,1358.3995
16464.0,1308.2341
16466.0,1660.2666
16468.0,73.56564
16469.0,644.67706
16470.0,731.61707
16471.0,229.28542
16473.0,302.33682
16474.0,1856.036
16475.0,535.34686
16477.0,2538.8218
16478.0,338.60614
16479.0,307.68927
16480.0,763.4419
16482.0,233.31686
16483.0,138.42017
16484.0,380.4396
16485.0,363.60617
16488.0,515.3357
16491.0,721.9288
16493.0,1244.4961
16494.0,848.3888
16495.0,685.93176
16496.0,1585.5985
16497.0,3005.2903
16498.0,79.60928
16499.0,317.15765
16500.0,382.5393
16503.0,1431.0409
16504.0,485.32034
16505.0,792.2784
16506.0,88.76314
16509.0,365.08475
16510.0,248.60568
16511.0,963.7172
16513.0,851.1457
16515.0,1631.7295
16516.0,105.32414
16517.0,166.28067
16518.0,486.87695
16519.0,220.94109
16520.0,1040.9664
16523.0,9292.11
16525.0,12631.153
16526.0,294.2373
16527.0,229.53703
16528.0,240.9811
16529.0,464.35913
16531.0,1256.6025
16532.0,6782.2954
16533.0,1047.5867
16535.0,587.9648
16536.0,536.38947
16539.0,1400.7896
16542.0,114.87045
16545.0,333.15125
16549.0,4156.0186
16550.0,2251.113
16551.0,905.62244
16552.0,376.8231
16553.0,5706.944
16554.0,645.86847
16555.0,293.2639
16556.0,3241.9092
16557.0,293.60657
16558.0,8245.223
16560.0,792.6893
16561.0,517.5151
16563.0,1048.3486
16565.0,173.06087
16566.0,621.6267
16567.0,863.39233
16569.0,121.6717
16570.0,3625.5403
16571.0,1300.0596
16572.0,974.4402
16573.0,641.792
16574.0,453.6201
16581.0,72.69837
16582.0,311.10287
16583.0,231.84576
16584.0,902.4522
16586.0,465.6438
16587.0,229.28542
16589.0,454.8046
16591.0,198.88474
16592.0,4088.4954
16593.0,337.54248
16594.0,184.20364
16595.0,351.98315
16596.0,257.72528
16597.0,90.32852
16598.0,132.28584
16600.0,836.493
16601.0,240.91559
16602.0,495.85513
16603.0,478.58435
16607.0,2973.4548
16609.0,5473.0015
16610.0,74.23388
16611.0,122.045616
16612.0,1180.2744
16613.0,626.5538
16614.0,509.944
16616.0,503.96912
16617.0,156.22047
16618.0,2613.1194
16619.0,214.90024
16620.0,174.16353
16621.0,807.6314
16623.0,129.27695
16624.0,816.09674
16625.0,333.93436
16626.0,4410.458
16627.0,317.3936
16628.0,2192.914
16629.0,439.4877
16633.0,2890.215
16634.0,221.17754
16637.0,1153.873
16638.0,1658.5823
16639.0,1167.7367
16641.0,228.18394
16642.0,695.9752
16643.0,484.2558
16644.0,830.14813
16647.0,216.97511
16648.0,269.36908
16650.0,514.9827
16652.0,6641.9546
16653.0,1153.4868
16654.0,595.8739
16655.0,3785.1655
16656.0,8573.664
16657.0,885.2306
16658.0,130.4942
16659.0,40.80484
16660.0,802.2492
16665.0,136.89578
16666.0,115.664375
16667.0,558.95105
16668.0,315.04254
16669.0,1383.9291
16670.0,4042.8296
16671.0,1683.5516
16672.0,8125.522
16674.0,322.90067
16676.0,1566.4174
16678.0,3090.995
16679.0,129.27695
16680.0,183.08795
16681.0,1761.7318
16682.0,1037.8328
16684.0,65888.68
16685.0,327.97186
16686.0,3109.3875
16688.0,1262.0281
16689.0,282.65
16690.0,205.8764
16692.0,1272.6428
16693.0,478.58435
16696.0,658.6706
16697.0,110.580605
16698.0,2004.565
16700.0,5040.3975
16701.0,5100.4404
16705.0,13975.697
16706.0,537.9281
16708.0,645.53827
16709.0,2955.8406
16710.0,2514.584
16711.0,1666.8933
16712.0,3657.544
16713.0,7255.157
16714.0,904.90607
16715.0,312.5746
16716.0,317.523
16717.0,3261.8792
16718.0,629.58636
16719.0,1776.0563
16720.0,155.81015
16721.0,300.4409
16722.0,4726.2925
16723.0,576.83527
16725.0,774.06824
16726.0,1378.5786
16727.0,283.6191
16728.0,1061.6302
16729.0,6900.5234
16730.0,723.2979
16732.0,599.84863
16734.0,643.2868
16735.0,2303.6313
16737.0,415.80112
16738.0,6.3909507
16739.0,318.74023
16743.0,2206.6204
16744.0,1410.1207
16745.0,7179.086
16746.0,6213.0596
16747.0,810.0445
16748.0,1482.0598
16750.0,616.8441
16751.0,1776.1205
16752.0,200.80074
16753.0,229.58711
16754.0,1971.4618
16755.0,1443.3062
16756.0,231.41821
16757.0,105.69217
16758.0,380.47397
16759.0,768.6082
16761.0,311.10287
16762.0,1507.9081
16763.0,581.62823
16764.0,2754.927
16765.0,38.050552
16766.0,1142.1425
16767.0,5565.1064
16768.0,478.83594
16769.0,386.2525
16770.0,684.4617
16771.0,2296.4602
16773.0,174.44792
16774.0,645.17566
16775.0,1647.6017
16776.0,390.63885
16777.0,232.57896
16778.0,241.69354
16779.0,10393.881
16780.0,440.05624
16781.0,300.4088
16782.0,2237.7698
16784.0,109.62692
16788.0,588.6479
16789.0,74.23851
16790.0,1535.4249
16791.0,1757.7153
16792.0,104.19371
16793.0,241.04242
16794.0,1199.7847
16795.0,414.41162
16796.0,313.40527
16800.0,1202.8862
16801.0,867.6198
16803.0,329.26047
16804.0,541.65894
16805.0,473.13086
16806.0,798.05585
16807.0,1102.9806
16808.0,290.23077
16809.0,920.0296
16810.0,274.352
16811.0,540.6089
16812.0,491.98267
16813.0,1719.9501
16814.0,6532.8525
16816.0,431.678
16817.0,1473.3153
16818.0,3286.479
16820.0,495.65216
16823.0,356.9855
16824.0,476.80872
16825.0,776.5348
16826.0,326.40887
16828.0,127.49389
16829.0,202.71773
16830.0,320.93173
16832.0,204.6546
16833.0,1100.3512
16834.0,413.63425
16835.0,179.93806
16836.0,255.74992
16837.0,3205.942
16838.0,556.435
16839.0,15373.782
16841.0,1763.2015
16842.0,1260.5488
16843.0,8567.507
16846.0,199.1032
16847.0,194.06415
16848.0,284.92545
16849.0,129.27695
16850.0,333.93436
16851.0,340.7101
16852.0,148.97415
16855.0,326.09872
16856.0,40.80086
16858.0,341.79553
16859.0,475.49384
16861.0,173.14246
16863.0,498.74768
16866.0,203.96957
16869.0,790.32904
16871.0,2749.9136
16872.0,707.1444
16873.0,7088.8003
16875.0,1997.2715
16877.0,860.62396
16880.0,1473.1908
16881.0,437.61728
16882.0,715.73535
16883.0,272.54828
16884.0,443.77563
16885.0,465.5876
16887.0,194.52534
16889.0,1565.6547
16891.0,797.368
16892.0,465.32727
16893.0,137.21289
16895.0,205.62262
16897.0,208.7362
16898.0,477.4349
16899.0,1255.3702
16900.0,163.62175
16902.0,1697.6289
16903.0,381.7909
16904.0,3764.392
16905.0,3055.3035
16906.0,586.0612
16907.0,993.2106
16909.0,365.18207
16910.0,1493.8126
16912.0,2569.484
16913.0,110.580605
16914.0,197.23927
16915.0,620.076
16916.0,564.25684
16917.0,394.5886
16918.0,1052.6808
16919.0,2636.865
16921.0,169.7603
16923.0,6689.619
16924.0,746.93335
16926.0,227.77655
16927.0,542.65466
16928.0,2750.2913
16929.0,1254.534
16930.0,376.62628
16931.0,4487.6646
16932.0,166.87267
16933.0,534.157
16934.0,935.5446
16936.0,258.899
16938.0,1904.0598
16940.0,3034.7559
16942.0,1872.1007
16943.0,798.03125
16945.0,4251.5996
16947.0,405.3826
16948.0,432.6007
16949.0,1149.7155
16950.0,1180.951
16951.0,1257.4003
16952.0,163.58496
16953.0,18.949081
16954.0,2090.5508
16955.0,495.4188
16956.0,302.66965
16957.0,437.6759
16959.0,115.655464
16960.0,506.362
16961.0,232.95828
16963.0,106.88932
16965.0,200.7415
16966.0,2189.8647
16967.0,313.56982
16968.0,471.71088
16969.0,645.3833
16971.0,232.78645
16976.0,255.68596
16978.0,326.1904
16979.0,1820.26
16980.0,1088.4547
16982.0,387.04922
16983.0,1956.1364
16984.0,4380.878
16985.0,5436.276
16986.0,1919.1998
16987.0,1629.79
16988.0,127.277176
16989.0,1183.233
16990.0,182.67746
16992.0,1609.2366
16996.0,1403.7273
16997.0,704.7736
16998.0,284.26364
16999.0,487.9902
17001.0,3993.6475
17002.0,1536.0367
17004.0,1481.7372
17006.0,772.3848
17007.0,871.413
17010.0,185.46909
17011.0,277.9947
17014.0,572.98145
17015.0,1855.7673
17017.0,8769.114
17018.0,910.43115
17019.0,1256.8805
17022.0,68.867714
17024.0,88.35437
17025.0,359.53003
17026.0,159.09587
17027.0,856.56537
17029.0,717.1112
17030.0,137.7602
17031.0,374.24988
17033.0,1024.8752
17034.0,748.7161
17035.0,384.09924
17037.0,1233.2754
17038.0,108.69978
17040.0,452.39227
17041.0,1067.3746
17042.0,1041.5477
17043.0,1682.8821
17044.0,891.6082
17045.0,336.1245
17046.0,663.236
17047.0,1105.3921
17048.0,861.859
17049.0,5520.322
17050.0,3274.6116
17051.0,248.60568
17052.0,415.10236
17053.0,493.96005
17054.0,1304.1553
17058.0,1180.8938
17059.0,3060.471
17060.0,232.55089
17061.0,5107.3315
17062.0,550.93823
17063.0,1416.881
17064.0,866.2283
17068.0,4530.9707
17069.0,2660.8723
17070.0,311.10287
17071.0,2428.6145
17073.0,1443.8654
17075.0,802.2492
17076.0,858.7778
17078.0,375.25598
17079.0,111.55301
17080.0,282.53064
17081.0,293.60657
17082.0,2002.9957
17083.0,1405.3694
17084.0,2902.8982
17085.0,1574.9701
17086.0,2038.2888
17088.0,1978.0497
17090.0,2129.56
17091.0,3799.9832
17092.0,1766.3329
17094.0,272.5613
17095.0,1064.5051
17096.0,1011.4442
17100.0,990.1595
17101.0,1627.2604
17102.0,21.880585
17105.0,670.7421
17107.0,10412.808
17109.0,860.4646
17110.0,165.39275
17111.0,249.2598
17114.0,753.73627
17115.0,792.9532
17117.0,114.1211
17118.0,162.55243
17119.0,590.4592
17120.0,314.84415
17122.0,137.29018
17123.0,333.36676
17124.0,310.87033
17125.0,259.03418
17126.0,1002.44476
17128.0,162.55243
17131.0,2480.2502
17133.0,5023.4126
17134.0,440.05624
17135.0,1146.8033
17138.0,386.2525
17139.0,10559.537
17140.0,465.6438
17142.0,594.8551
17144.0,999.4904
17146.0,742.23083
17147.0,1725.4563
17148.0,125.69005
17152.0,1512.8047
17153.0,201.54884
17154.0,324.62558
17155.0,257.72528
17157.0,308.8258
17158.0,1258.9033
17159.0,1568.973
17160.0,3527.6072
17162.0,1650.5411
17163.0,304.0419
17164.0,2469.6853
17165.0,162.55243
17166.0,200.02126
17169.0,807.6314
17171.0,229.28542
17172.0,323.28824
17173.0,3774.8003
17174.0,57.036076
17175.0,1449.3428
17176.0,314.84415
17179.0,714.8129
17180.0,817.18353
17181.0,239.5983
17183.0,3144.9768
17186.0,131.83034
17187.0,200.7415
17188.0,2288.204
17189.0,381.54636
17190.0,244.44997
17191.0,2197.2578
17193.0,1709.6094
17194.0,264.50262
17197.0,976.6352
17198.0,703.4586
17201.0,326.40887
17203.0,3572.766
17204.0,1348.3834
17205.0,387.40683
17206.0,195.08357
17211.0,2253.4607
17212.0,229.28542
17213.0,2744.2698
17214.0,1015.4045
17217.0,110.580605
17218.0,1965.9792
17219.0,108.25649
17220.0,3171.2036
17221.0,339.42004
17222.0,348.77682
17223.0,434.07077
17226.0,394.5886
17227.0,956.3059
17228.0,1955.7682
17229.0,321.10757
17230.0,3447.2407
17231.0,3133.7957
17232.0,427.96893
17233.0,192.5598
17234.0,137.21289
17235.0,543.31995
17236.0,930.64136
17237.0,326.42767
17238.0,3727.5974
17239.0,376.8231
17242.0,1138.3579
17243.0,8610.604
17244.0,1063.6948
17245.0,173.06087
17247.0,284.83344
17248.0,313.9772
17250.0,363.52988
17251.0,285.2502
17252.0,359.25723
17253.0,179.96307
17254.0,271.80704
17255.0,303.8493
17256.0,238.95633
17259.0,590.77545
17262.0,1244.309
17263.0,62.761986
17265.0,557.1393
17266.0,311.82446
17267.0,320.7002
17268.0,777.74316
17272.0,2182.598
17274.0,108.35712
17277.0,1071.4575
17278.0,248.60568
17279.0,193.79141
17282.0,1694.2235
17284.0,1642.381
17286.0,155.81015
17287.0,1084.0725
17288.0,1394.576
17289.0,926.50146
17290.0,522.8537
17291.0,556.6267
17293.0,1865.7123
17295.0,547.36365
17297.0,133.09706
17298.0,501.44775
17299.0,662.59937
17301.0,194.41512
17302.0,1206.9546
17303.0,255.68596
17306.0,8608.236
17309.0,78.72296
17311.0,1355.6256
17312.0,631.00104
17313.0,2282.151
17314.0,2470.745
17315.0,6195.114
17317.0,2512.2112
17320.0,1247.6606
17321.0,707.3782
17323.0,894.0458
17324.0,977.4192
17325.0,97.986115
17329.0,519.2608
17330.0,363.97717
17331.0,173.06087
17333.0,494.9877
17334.0,311.9294
17337.0,1939.5798
17338.0,6640.7207
17339.0,240.52599
17340.0,11917.039
17341.0,767.91534
17343.0,194.4357
17344.0,164.00468
17345.0,536.9456
17346.0,2620.2695
17347.0,224.61389
17348.0,1140.8346
17349.0,106.88932
17350.0,1227.7959
17351.0,601.7047
17353.0,1693.2511
17354.0,1405.5912
17356.0,177.85904
17357.0,373.80545
17358.0,364.85144
17359.0,131.74307
17360.0,552.1959
17361.0,488.68024
17362.0,318.74023
17364.0,4534.0454
17365.0,5012.306
17367.0,168.20885
17368.0,1368.3601
17370.0,479.41464
17371.0,438.48325
17372.0,1268.539
17373.0,647.75665
17374.0,493.96005
17375.0,386.3539
17376.0,215.42865
17377.0,3941.8547
17379.0,406.83636
17381.0,20274.557
17382.0,62.093746
17383.0,191.28064
17384.0,334.58533
17385.0,259.93265
17386.0,2697.4265
17387.0,772.9704
17388.0,1260.5488
17389.0,31323.02
17391.0,504.10928
17392.0,464.6472
17394.0,200.7415
17396.0,7371.6255
17397.0,687.66437
17398.0,626.9279
17400.0,2133.547
17402.0,2623.479
17403.0,284.44104
17405.0,993.57025
17406.0,1920.6376
17408.0,37.41755
17409.0,779.8331
17410.0,1211.1731
17411.0,759.39655
17412.0,1256.4509
17414.0,777.6112
17415.0,517.08655
17416.0,6837.151
17418.0,474.67673
17419.0,4313.7607
17420.0,602.8988
17422.0,1842.5669
17423.0,659.993
17425.0,766.4172
17426.0,4846.877
17427.0,98.791336
17428.0,17080.291
17429.0,522.1859
17430.0,258.86813
17431.0,402.5827
17432.0,363.1909
17433.0,313.40527
17434.0,2314.5579
17436.0,215.98401
17438.0,376.8231
17440.0,174.06876
17442.0,2211.0967
17446.0,122.045616
17447.0,541.16675
17449.0,2482.5227
17450.0,187479.03
17451.0,1674.911
17453.0,489.77298
17454.0,527.23645
17455.0,131.20387
17456.0,255.68596
17457.0,1724.9231
17458.0,310.64822
17459.0,662.2242
17460.0,457.24008
17461.0,749.7505
17462.0,662.72565
17463.0,1816.9874
17464.0,294.2373
17466.0,766.3182
17468.0,122.05219
17469.0,1819.1189
17470.0,1150.6246
17472.0,714.8129
17475.0,195.96188
17480.0,505.92108
17481.0,1225.3867
17483.0,399.33493
17486.0,394.98877
17489.0,373.96506
17490.0,1926.579
17491.0,3596.0876
17492.0,373.4183
17495.0,499.0238
17496.0,277.47058
17498.0,281.1754
17499.0,626.54913
17500.0,1113.0869
17501.0,289.8234
17502.0,707.0088
17503.0,549.8531
17504.0,2762.575
17505.0,1142.1425
17506.0,304.95682
17507.0,590.77545
17509.0,6096.216
17510.0,315.73776
17511.0,88119.47
17512.0,2891.7715
17513.0,514.9827
17514.0,200.80074
17515.0,633.9919
17516.0,780.13544
17517.0,156.22047
17519.0,1798.5986
17520.0,538.93445
17521.0,749.5024
17522.0,1087.7933
17523.0,649.4223
17524.0,140.8162
17525.0,431.62122
17526.0,721.32025
17527.0,886.49243
17528.0,3589.4146
17530.0,2448.7515
17531.0,300.8162
17534.0,229.9447
17535.0,165.04417
17536.0,74.23388
17537.0,895.19336
17538.0,99.53949
17540.0,544.7958
17542.0,168.37325
17545.0,638.6454
17549.0,158.85942
17550.0,267.11462
17551.0,314.84415
17552.0,917.0679
17553.0,1170.7123
17554.0,1918.6326
17555.0,487.9902
17556.0,162.55243
17557.0,543.8758
17560.0,860.3245
17561.0,172.59538
17562.0,1117.9429
17564.0,451.77957
17566.0,905.6893
17567.0,4022.5144
17569.0,333.36676
17571.0,1534.3446
17572.0,213.89268
17573.0,375.83505
17574.0,192.40436
17576.0,3862.4807
17578.0,122.045616
17579.0,470.44913
17580.0,208.7362
17581.0,10792.7295
17582.0,173.06087
17584.0,1222.3159
17585.0,1161.1097
17588.0,1234.5723
17589.0,2376.197
17590.0,1496.3317
17591.0,2221.363
17593.0,3863.6975
17594.0,998.12665
17595.0,374.24988
17596.0,2875.5164
17597.0,3127.4204
17600.0,167.6531
17601.0,114.1211
17602.0,5095.1216
17604.0,307.53284
17608.0,186.63158
17609.0,1060.6176
17611.0,3926.5557
17612.0,1983.5225
17613.0,4501.498
17614.0,391.7153
17615.0,313.80447
17616.0,556.435
17618.0,962.13763
17619.0,209.51158
17620.0,78.19322
17621.0,1370.4175
17623.0,515.7899
17624.0,833.7897
17625.0,2029.4343
17628.0,72.49361
17629.0,1799.1532
17630.0,501.04037
17631.0,513.2256
17633.0,1220.091
17634.0,2354.5964
17636.0,264.03677
17637.0,547.1318
17639.0,107.966545
17640.0,633.4108
17642.0,716.0789
17643.0,103.51368
17644.0,2792.5037
17646.0,983.3843
17647.0,130.52493
17648.0,1834.8071
17649.0,851.6633
17650.0,166.38518
17651.0,3863.708
17652.0,4754.252
17653.0,1179.7625
17654.0,115.91253
17655.0,2556.94
17656.0,1672.3235
17658.0,490.2223
17659.0,3032.3708
17660.0,202.71773
17663.0,1804.1932
17664.0,589.63995
17666.0,734.4825
17667.0,1966.8243
17668.0,338.94342
17669.0,3406.3635
17670.0,200.80074
17671.0,1260.9591
17672.0,3113.477
17673.0,1637.048
17674.0,547.0485
17675.0,21085.184
17676.0,1362.9214
17677.0,16236.714
17678.0,311.80005
17679.0,2006.259
17680.0,181.6374
17682.0,2528.7876
17684.0,231.59308
17685.0,3185.0327
17686.0,5735.6367
17690.0,4746.342
17691.0,300.4088
17692.0,729.1276
17693.0,192.3885
17694.0,285.2502
17695.0,776.2435
17696.0,2197.473
17697.0,333.15125
17698.0,156.22047
17700.0,2607.4111
17701.0,415.43146
17702.0,1738.3518
17703.0,797.4101
17704.0,871.90564
17705.0,1816.5745
17706.0,10119.796
17707.0,159.09587
17708.0,268.40866
17709.0,138.6865
17711.0,380.2947
17712.0,518.22974
17714.0,156.22047
17715.0,320.56418
17716.0,5565.1177
17718.0,138.42017
17719.0,5370.754
17720.0,1193.0781
17722.0,2320.4004
17723.0,3277.7827
17724.0,979.7531
17725.0,3367.9473
17727.0,1062.5481
17728.0,2542.976
17730.0,5309.785
17731.0,879.5405
17732.0,312.9979
17733.0,690.95013
17734.0,709.869
17735.0,12671.316
17736.0,346.5383
17737.0,157.29926
17738.0,1849.2275
17739.0,2724.8606
17742.0,359.25723
17744.0,2334.2295
17746.0,94.76335
17747.0,73.10577
17749.0,675.5576
17750.0,1795.4393
17752.0,76.227875
17754.0,1813.9823
17757.0,5559.297
17758.0,3417.0361
17759.0,854.8919
17760.0,293.45648
17761.0,730.8565
17763.0,21.880585
17764.0,821.4888
17765.0,381.65686
17767.0,282.29236
17768.0,2274.5706
17769.0,3911.2407
17770.0,1144.0168
17771.0,241.55441
17772.0,186.72581
17774.0,1198.1357
17775.0,59.524143
17777.0,660.38446
17779.0,605.48785
17781.0,184.07286
17783.0,294.3714
17785.0,131.25046
17786.0,272.2912
17787.0,1839.8812
17788.0,1106.9403
17789.0,229.28542
17790.0,1966.4922
17791.0,107.50263
17793.0,318.7105
17795.0,344.3762
17796.0,721.67163
17797.0,771.122
17799.0,2987.4888
17800.0,1247.7384
17802.0,1240.2843
17805.0,517.08655
17806.0,540.2386
17809.0,4613.1025
17811.0,7671.8438
17812.0,747.96704
17813.0,1711.5315
17816.0,41.596146
17817.0,364.4526
17819.0,3697.7683
17824.0,310.6655
17827.0,1966.7506
17830.0,391.1635
17831.0,36.179874
17832.0,156.81247
17835.0,344.4222
17836.0,108.48071
17837.0,1555.7012
17838.0,2271.4597
17839.0,326.76575
17841.0,40361.664
17843.0,200.80074
17846.0,2076.3325
17848.0,907.7645
17849.0,621.4923
17850.0,5290.572
17852.0,108.20569
17854.0,307.53284
17855.0,200.80074
17856.0,1405.7239
17857.0,26761.145
17858.0,4878.9883
17859.0,137.21289
17860.0,251.191
17861.0,2095.6074
17862.0,333.93436
17863.0,3152.8916
17864.0,603.78937
17865.0,10178.145
17866.0,323.563
17867.0,628.1578
17869.0,460.4473
17870.0,1830.0294
17871.0,162.55243
17873.0,1761.7318
17874.0,663.6756
17877.0,231.41821
17878.0,382.9542
17879.0,177.85904
17880.0,465.7472
17881.0,132.74313
17883.0,649.4271
17884.0,735.9081
17885.0,191.55367
17886.0,901.1375
17887.0,110.580605
17888.0,527.6226
17889.0,214.90024
17890.0,588.6479
17891.0,200.7415
17892.0,241.47725
17893.0,110.580605
17894.0,1119.0901
17895.0,99.19682
17896.0,256.31262
17897.0,541.98883
17898.0,158.15378
17899.0,156.22047
17900.0,18.025862
17901.0,108.69978
17904.0,179.76694
17905.0,806.59406
17906.0,74.23388
17908.0,240.74072
17911.0,384.17975
17912.0,300.8286
17913.0,439.34857
17914.0,338.44952
17917.0,337.5092
17919.0,1311.8673
17920.0,4183.053
17921.0,815.4382
17923.0,200.80074
17924.0,2881.2551
17925.0,240.74072
17926.0,409.07358
17928.0,216.49144
17929.0,818.20074
17930.0,1733.1296
17931.0,431.7158
17932.0,1268.4348
17934.0,712.9642
17935.0,158.41084
17936.0,384.1484
17937.0,4413.6475
17939.0,99.45957
17940.0,1955.3531
17941.0,312.9979
17942.0,70.7185
17946.0,159.09587
17947.0,177.06183
17948.0,356.9855
17949.0,43885.79
17950.0,491.16116
17951.0,977.4932
17954.0,2288.9712
17955.0,541.9758
17956.0,21.880585
17957.0,106.221085
17958.0,514.78906
17960.0,74.23388
17961.0,1297.6978
17962.0,102.82865
17964.0,479.3505
17965.0,2612.9473
17966.0,1099.2013
17967.0,130.4942
17968.0,283.84546
17969.0,231.00401
17970.0,594.8551
17972.0,136.89578
17973.0,334.30988
17974.0,744.6954
17975.0,4433.0386
17976.0,355.9532
17977.0,292.08173
17978.0,310.87033
17979.0,728.70996
17980.0,795.9855
17984.0,156.22047
17985.0,646.9938
17986.0,26.376785
17987.0,202.71773
17988.0,190.63795
17990.0,631.00104
17991.0,94.76335
17994.0,618.87726
17995.0,74.23388
17997.0,1504.9657
17999.0,375.25598
18001.0,438.80914
18004.0,168.37325
18005.0,255.0644
18006.0,464.2059
18008.0,2117.3518
18009.0,258.91608
18010.0,173.06087
18011.0,103.51368
18013.0,183.38783
18014.0,170.81262
18015.0,113.5562
18016.0,1463.0144
18017.0,517.95245
18018.0,121.76798
18019.0,36.928127
18022.0,665.24603
18024.0,236.66893
18027.0,114.528496
18030.0,231.0478
18032.0,74.23388
18033.0,97.31788
18034.0,440.33765
18035.0,739.3682
18036.0,400.70474
18037.0,87.62148
18040.0,359.75833
18041.0,4149.5435
18042.0,165.98474
18043.0,547.36365
18044.0,2039.6101
18045.0,192.5487
18048.0,175.34686
18050.0,74.23388
18053.0,304.95682
18055.0,6652.8193
18056.0,365.08475
18058.0,165.3909
18059.0,288.141
18061.0,2168.2979
18062.0,724.98224
18064.0,821.1191
18065.0,2335.8865
18066.0,313.1465
18067.0,391.69046
18068.0,103.51368
18069.0,1963.5042
18071.0,469.06168
18073.0,3958.8132
18074.0,482.38715
18075.0,2569.484
18077.0,2630.8354
18078.0,331.39432
18079.0,3560.4536
18080.0,1183.9547
18081.0,337.41373
18082.0,692.7468
18084.0,90.54589
18085.0,697.33563
18086.0,103.51368
18087.0,3757.4187
18088.0,169.5959
18092.0,9071.089
18093.0,2143.2583
18094.0,3054.3528
18095.0,570.22437
18096.0,896.048
18097.0,2692.6067
18099.0,168.20885
18101.0,238.15327
18102.0,256422.16
18104.0,747.5159
18105.0,108.35712
18106.0,431.62122
18108.0,264.50262
18109.0,7965.8394
18110.0,216.29646
18112.0,358.42
18113.0,74.23388
18114.0,231.01006
18116.0,1394.9299
18117.0,314.46344
18118.0,5599.515
18119.0,182.67746
18120.0,110.580605
18121.0,675.5576
18122.0,1820.2906
18123.0,573.3327
18125.0,1152.1168
18126.0,196.77264
18127.0,347.1787
18129.0,110.580605
18130.0,1050.9379
18133.0,720.95435
18135.0,647.7994
18136.0,774.3038
18138.0,156.22047
18139.0,9648.469
18142.0,1017.9497
18143.0,1008.0903
18144.0,2952.6372
18145.0,2848.8274
18146.0,160.40485
18147.0,180.16757
18149.0,617.23206
18150.0,550.91956
18151.0,657.37195
18154.0,402.72467
18155.0,356.00443
18156.0,757.2879
18158.0,446.01215
18159.0,508.42307
18160.0,652.76324
18161.0,1609.7896
18164.0,406.47174
18165.0,312.9979
18167.0,1283.2185
18168.0,1105.8665
18169.0,196.71341
18170.0,974.08026
18171.0,1226.4738
18172.0,7472.2285
18173.0,2094.9739
18174.0,99.74041
18176.0,469.06168
18177.0,1380.1471
18178.0,1581.4629
18179.0,1787.8909
18180.0,1823.9281
18181.0,388.50528
18183.0,551.1822
18184.0,56.17495
18185.0,312.9979
18188.0,2025.9148
18189.0,1030.4275
18190.0,273.8697
18191.0,200.80074
18192.0,1062.2744
18193.0,208.05118
18194.0,893.73444
18196.0,693.4925
18198.0,5038.799
18200.0,165.80014
18202.0,1403.0615
18203.0,163.41786
18204.0,1986.757
18205.0,514.28955
18209.0,138.68065
18210.0,2645.2322
18211.0,598.4554
18212.0,248.60568
18213.0,227.77655
18215.0,311.2777
18216.0,485.32034
18217.0,598.3476
18218.0,622.98694
18219.0,2011.784
18220.0,300.4088
18221.0,1029.549
18222.0,438.9836
18223.0,6305.5605
18224.0,163.41786
18225.0,5384.853
18226.0,5261.8594
18227.0,97.38162
18228.0,768.95044
18229.0,7281.7856
18230.0,2736.8318
18231.0,2052.4258
18232.0,581.4687
18233.0,439.16074
18235.0,1817.2598
18236.0,891.0407
18237.0,988.4668
18239.0,1552.3184
18240.0,434.4276
18241.0,2068.2766
18242.0,2209.622
18245.0,2486.01
18246.0,578.70996
18248.0,784.2329
18249.0,100.77157
18250.0,341.5323
18251.0,4251.0527
18252.0,518.43
18255.0,103.236046
18257.0,2293.522
18259.0,2326.8093
18260.0,2598.9883
18261.0,325.6347
18262.0,137.21289
18263.0,1191.3939
18265.0,807.6806
18269.0,130.7173
18270.0,237.37576
18272.0,3111.8418
18273.0,204.13756
18274.0,21.497204
18276.0,316.83035
18277.0,94.51962
18278.0,174.58705
18280.0,182.67746
18281.0,76.227875
18282.0,190.21866
18283.0,2060.2158
18287.0,1850.1332
